Team,GP,W,L,WIN%,Min,PTS,FGM,FGA,FG%,3PM,3PA,3P%,FTM,FTA,FT%,OREB,DREB,REB,AST,TOV,STL,BLK,BLKA,PF,PFD,+/-
Oklahoma City Thunder,4,4,0,1,48,122.8,43.5,89.3,48.7,14.3,39.3,36.3,21.5,24.8,86.9,13,31,44,25.8,10.8,9.5,5.8,2.8,21.3,23.3,17.3
San Antonio Spurs,5,4,1,0.8,48,112.4,40.6,83.8,48.4,12.8,30.6,41.8,18.4,24.2,76,10.6,33.8,44.4,24.6,15.2,8.4,7.2,4.8,22,22.4,12.4
Los Angeles Lakers,6,4,2,0.667,48.8,101.2,36,76,47.4,9.8,25.5,38.6,19.3,26.3,73.4,9.8,31.7,41.5,23.2,17.7,7.5,6.7,5.3,21.2,21.8,2.5
Minnesota Timberwolves,6,4,2,0.667,48,112,41.7,89,46.8,10.3,30.7,33.7,18.3,23.8,76.9,12,35.2,47.2,26,13.5,6.5,3.3,4.2,25.3,22.7,4.5
New York Knicks,6,4,2,0.667,48,117.8,42.2,84.5,49.9,11.8,31.2,38,21.7,28,77.4,10.5,35.3,45.8,24.2,13.2,8.8,4.8,4.8,21.7,22.2,17.5
Philadelphia 76ers,7,4,3,0.571,48,103.7,38,85.1,44.6,11.6,32.9,35.2,16.1,19.9,81.3,8.3,32.9,41.1,21.7,10.7,4.7,4.3,4.7,18.9,19.4,-2.9
Cleveland Cavaliers,6,3,3,0.5,48.8,111.5,39.8,84.3,47.2,13.7,39,35,18.2,25.2,72.2,11.7,30.5,42.2,21.2,17.3,8.3,4.7,6,21.2,22.2,0
Detroit Pistons,6,3,3,0.5,48,100.2,34.8,81.5,42.7,8.7,29.2,29.7,21.8,29.2,74.9,12.5,35.5,48,19.8,16.8,7.3,10,5.8,22.7,24.3,1.8
Orlando Magic,6,3,3,0.5,48,98.3,33.5,84.8,39.5,11.3,34.7,32.7,20,28.2,71,11.7,31.3,43,20.2,14,10.2,5.8,10,24.3,22.7,-1.8
Toronto Raptors,6,3,3,0.5,48.8,111.5,40.7,86.7,46.9,11,30,36.7,19.2,26.2,73.2,12.2,29.3,41.5,26.5,15.8,9,6,4.7,22.2,21.2,0
Boston Celtics,7,3,4,0.429,48,106.6,38.1,87.9,43.4,15.6,46.1,33.7,14.7,20,73.6,12.1,34.7,46.9,23.7,11.9,5.4,4.7,4.3,19.4,18.9,2.9
Atlanta Hawks,6,2,4,0.333,48,100.3,36.5,83.7,43.6,11.3,36.3,31.2,16,22.2,72.2,9.2,27.7,36.8,22.2,14.7,7.3,4.8,4.8,22.2,21.7,-17.5
Denver Nuggets,6,2,4,0.333,48,107.5,36.3,83.3,43.6,10,32.2,31.1,24.8,30.2,82.3,7,31.3,38.3,24.5,12,7.3,4.2,3.3,22.7,25.3,-4.5
Houston Rockets,6,2,4,0.333,48.8,98.7,35.2,86,40.9,10,33.2,30.2,18.3,24.5,74.8,13.5,28,41.5,20.8,13.8,11.5,5.3,6.7,21.8,21.2,-2.5
Portland Trail Blazers,5,1,4,0.2,48,100,35.8,88.8,40.3,11.6,38.4,30.2,16.8,22,76.4,12,28.6,40.6,21.4,12.8,7.6,4.8,7.2,22.4,22,-12.4
Phoenix Suns,4,0,4,0,48,105.5,38.5,86.3,44.6,12.8,37.5,34,15.8,19.8,79.7,12,28.3,40.3,22,16,5.5,2.8,5.8,23.3,21.3,-17.3
Oklahoma City Thunder,23,16,7,0.696,48.2,114.7,41,89.8,45.6,11.8,35,33.8,20.9,26,80.1,11.4,32.1,43.6,23,12.3,10.7,5.7,5.4,21.5,21.7,8.3
Indiana Pacers,23,15,8,0.652,48.4,114.1,40.8,84.3,48.4,13.2,33.7,39,19.3,24.7,78.5,8.1,32.5,40.6,26.4,14.3,8,5.7,4.7,23.3,21.6,2
Minnesota Timberwolves,15,9,6,0.6,48,109.1,39.5,85.5,46.2,13.3,37.1,35.8,16.9,21.9,77.1,11.7,30.5,42.2,24.2,15.7,7.3,4.7,4,20.8,21,2.7
Cleveland Cavaliers,9,5,4,0.556,48,119.4,40.9,87.8,46.6,14.9,41,36.3,22.8,27.9,81.7,12.3,32.3,44.7,22.9,12.1,8.9,3.6,5.3,18.6,22,11.7
New York Knicks,18,10,8,0.556,48.6,109.6,39.4,86.5,45.5,11.1,31.7,34.9,19.7,25.9,76,11.8,30.8,42.6,19.8,13.8,7.9,4.7,5.7,20.9,22.8,0
Boston Celtics,11,6,5,0.545,48.5,105.7,36.7,83,44.2,14.2,39.4,36,18.1,22.6,79.9,10.8,32.3,43.1,20,13.2,6.7,5.4,3.6,19.5,20.1,5.5
Denver Nuggets,14,7,7,0.5,48.7,107,38.6,86.5,44.6,11.9,34.2,34.7,18,23.6,76.4,12.3,34.1,46.4,22.6,15.8,7.6,4.2,6.4,19.9,21.1,-4.9
Houston Rockets,7,3,4,0.429,48,104,36.7,82.3,44.6,10.6,28.3,37.4,20,28.6,70,13.4,33.4,46.9,19.6,13.6,7.9,5.1,4.9,17.7,21.4,0
LA Clippers,7,3,4,0.429,48.7,108.3,41.1,84.6,48.6,12,33,36.4,14,19.6,71.5,10,29.4,39.4,26,12,8,7.1,3.9,19.3,18.3,0.6
Golden State Warriors,12,5,7,0.417,48,103.1,36.8,85.5,43.1,13.7,38.8,35.3,15.8,20.5,76.8,12.1,28.3,40.3,23.3,14.4,8.9,3.9,5.3,21.2,19.3,-3
Detroit Pistons,6,2,4,0.333,48,106.7,37.2,82.7,45,10.2,31.3,32.4,22.2,27.8,79.6,11,32.8,43.8,20,16.5,7.2,6.3,5.7,22.8,21.8,-1.3
Los Angeles Lakers,5,1,4,0.2,48,100.4,34.6,78.8,43.9,13.6,38.8,35.1,17.6,21.2,83,9.6,29.4,39,21.2,14.6,5,5,3.6,21,20.8,-7
Milwaukee Bucks,5,1,4,0.2,49,110.2,39.8,87.8,45.3,14.4,38,37.9,16.2,22.4,72.3,10.4,33.2,43.6,23.8,13,6,3.6,4.8,19.6,19.2,-7.6
Orlando Magic,5,1,4,0.2,48,93.6,35.6,84.4,42.2,8.2,31.2,26.3,14.2,20.6,68.9,11.4,28.4,39.8,18.6,11.6,6.4,3.8,4.8,21.4,17.4,-12.8
Memphis Grizzlies,4,0,4,0,48,100.5,36,86.8,41.5,10.5,34.5,30.4,18,20.5,87.8,10.3,34,44.3,20.5,19.3,5.8,6.5,6.8,20.8,18.8,-19.5
Miami Heat,4,0,4,0,48,95.5,36.3,81.5,44.5,13.8,39.8,34.6,9.3,13.3,69.8,10,27.3,37.3,21.3,16,4.5,3,3,17.3,13.3,-30.5
Boston Celtics,19,16,3,0.842,48.3,108.8,39.3,83.8,46.9,14.5,40.2,36,15.7,19.3,81.2,9.7,33.4,43.1,23.8,11.5,6.3,5.4,2.2,15.7,18,8.1
Oklahoma City Thunder,10,6,4,0.6,48,105.7,39.4,85.8,45.9,12.1,34,35.6,14.8,18.5,80,8.7,32.8,41.5,23.1,11.2,7.8,6.2,5.6,17.7,19.6,6.3
Dallas Mavericks,22,13,9,0.591,48,106,38.9,83,46.8,11.9,33.1,36,16.3,22.7,71.9,10.9,32.2,43.1,21.1,12.5,6.3,5.3,4.9,19,19.7,2.6
Denver Nuggets,12,7,5,0.583,48,102.2,38.9,85.2,45.7,10.5,31.6,33.2,13.8,16.7,83,9.9,32.6,42.5,24.9,12,6.4,4.3,5.1,18,18.3,-2.1
Minnesota Timberwolves,16,9,7,0.563,48,107.5,38.8,82.9,46.8,11.7,32.6,35.9,18.3,23.6,77.5,10.6,31.8,42.4,23.9,12.2,7.3,4.6,5.1,20.8,20,4.2
New York Knicks,13,7,6,0.538,48.4,109.9,39.8,87.8,45.3,11.9,31.8,37.5,18.5,24.4,75.7,13.5,29.4,42.8,22.5,11.2,5.7,5.4,6.3,17.8,21.2,-2.1
Indiana Pacers,17,8,9,0.471,48.6,113.9,44.8,88.4,50.7,12.2,32.9,37.2,12.1,16.2,74.6,10.3,31.1,41.4,29.9,12,5.5,4.8,4.2,20.5,17.4,1.1
Orlando Magic,7,3,4,0.429,48,100.3,35.3,84,42,10.3,33.3,30.9,19.4,25.1,77.3,12,33,45,19.3,14.4,8,5.1,6,21.6,21.7,4.4
Cleveland Cavaliers,12,5,7,0.417,48,98.1,37.4,83.4,44.9,10.3,32.8,31.5,12.9,17,76,7.7,31.1,38.8,21.3,12.2,6.7,4.6,5,19.8,18.3,-5.6
LA Clippers,6,2,4,0.333,48,100.3,35.7,82.2,43.4,11.8,31.7,37.4,17.2,21.7,79.2,11.2,30.8,42,20.2,13.5,6.2,3.2,6.3,22.8,20.2,-6.7
Milwaukee Bucks,6,2,4,0.333,48.8,110.2,40.8,86.3,47.3,11.2,31.5,35.4,17.3,21.2,81.9,9.5,33.2,42.7,22.2,10.7,5.3,3.2,4.5,18.7,19.3,-2.8
Philadelphia 76ers,6,2,4,0.333,48.8,108.2,37,83.3,44.4,13.5,35.7,37.9,20.7,24.7,83.8,10.7,30.5,41.2,23,11.8,5.5,6.3,7.2,21.5,19.2,-0.2
Los Angeles Lakers,5,1,4,0.2,48,106.4,41.6,84.6,49.2,8.8,29.4,29.9,14.4,18.8,76.6,7.4,33.2,40.6,24.4,11,6,4,3.2,16.6,16.4,-2.2
Miami Heat,5,1,4,0.2,48,92.2,35.6,81.2,43.8,11.2,34,32.9,9.8,12,81.7,5.6,30.6,36.2,21.2,11.6,4.6,1.4,5.2,16.8,15.6,-15.6
New Orleans Pelicans,4,0,4,0,48,89.5,33.5,84.5,39.6,8.8,32.8,26.7,13.8,16,85.9,12.3,33.3,45.5,19.5,18,8.8,4.5,5.3,20,16,-15.8
Phoenix Suns,4,0,4,0,48,103.3,35.3,75.8,46.5,9.5,26,36.5,23.3,28,83,7.3,25.3,32.5,19.8,14.3,7.5,4.3,2.8,23.3,24.3,-15
Denver Nuggets,20,16,4,0.8,48.3,113.5,42.3,86,49.2,11.3,30,37.5,17.7,22.1,80.1,10.1,34.7,44.8,25.8,11.6,6.9,4.2,4.7,19.3,21,8.3
Philadelphia 76ers,11,7,4,0.636,48.5,102.5,36.7,84,43.7,12.2,33.9,35.9,16.9,19.1,88.6,10,33,43,19.1,12.4,7.6,5.3,5.5,18.7,16,-1.5
Miami Heat,23,13,10,0.565,48.2,108.3,39.7,86.8,45.8,12.8,33.7,38,16.1,19.8,81.3,9.2,31,40.3,23.6,11.7,7,3.6,4.7,20.1,18.7,1.5
Boston Celtics,20,11,9,0.55,48.3,112,40.9,85.5,47.8,14.1,38.7,36.4,16.2,20,81,9.5,33.6,43.1,24.2,12.4,6,6.4,4.7,17.2,17.7,3.4
New York Knicks,11,6,5,0.545,48,100.1,35.3,81.5,43.3,9.5,32.7,29.2,20,26.8,74.6,12.9,32.5,45.4,18.7,14.6,7,4.5,3.8,19.5,21.6,0.4
Phoenix Suns,11,6,5,0.545,48,114.2,43.1,86.8,49.6,9.4,25.8,36.3,18.6,23.4,79.8,9.2,30.8,40,24.5,12.1,6.3,5.6,4,22,20.8,-2.3
Los Angeles Lakers,16,8,8,0.5,48.3,112.3,41.1,87.1,47.1,10.1,30.3,33.5,20.1,24.8,80.9,9.1,35.6,44.6,24.9,11.9,6.8,6.4,3.8,17.4,21.3,2.4
Golden State Warriors,13,6,7,0.462,48,113.1,41.9,93.6,44.8,14.5,42.5,34,14.8,19.7,75,12.5,34.5,47.1,28.2,14.4,7.2,4.6,4.6,22.9,19.6,-0.2
Sacramento Kings,7,3,4,0.429,48,113.7,41,95.6,42.9,12.1,39.7,30.6,19.6,25.7,76.1,14,33.7,47.7,22,14.1,7.7,4.3,5.6,22.6,22.7,-2.1
Atlanta Hawks,6,2,4,0.333,48,115.8,44,96.3,45.7,14,37.3,37.5,13.8,17,81.4,12.2,31.7,43.8,24.5,12.8,7.7,4.8,7.2,16.3,16.5,-5.3
Memphis Grizzlies,6,2,4,0.333,48.8,104.7,38.3,95.3,40.2,12,38.5,31.2,16,19.2,83.5,13.2,33.3,46.5,23.3,13,6.7,3.5,9.2,20.5,17.5,-7.5
Cleveland Cavaliers,5,1,4,0.2,48,94.2,35.2,78.4,44.9,10,30.6,32.7,13.8,18.6,74.2,9.2,28,37.2,22,15.8,6.8,4,4.6,20.4,17.4,-5.4
LA Clippers,5,1,4,0.2,48,115.6,40.8,88.6,46,12.2,33.8,36.1,21.8,26.4,82.6,11.8,28.2,40,21.6,14,6.6,4.2,6.2,23,21.2,-6.4
Milwaukee Bucks,5,1,4,0.2,49,118.8,44,92.6,47.5,15.6,41.2,37.9,15.2,21.4,71,10.2,34.2,44.4,26.8,14.4,6.6,3.6,3.4,18.8,20.4,-5.2
Minnesota Timberwolves,5,1,4,0.2,49,105.4,37.8,82.6,45.8,11.2,32.2,34.8,18.6,24.2,76.9,8.4,30.8,39.2,22.6,12.8,6.6,4.8,3.4,21.6,23,-8.8
Brooklyn Nets,4,0,4,0,48,92.5,34,77.3,44,11.3,34.5,32.6,13.3,18.3,72.6,5.8,29.3,35,22.3,12.3,5.3,3.8,4,15.5,18.8,-11.3
Golden State Warriors,22,16,6,0.727,48,111.9,41.4,86.1,48,14,37.3,37.5,15.1,19.8,76.6,9.8,34.1,43.9,27,14.5,7.7,5,4.9,21.5,19.3,5
Miami Heat,18,11,7,0.611,48,104.2,38,85.3,44.5,10.9,34.8,31.3,17.3,21.6,80.4,9.8,31.2,41.1,21.9,12.9,8.3,3.7,4.6,21.4,21.4,3.8
Boston Celtics,24,14,10,0.583,48,105.5,36.7,81.8,44.9,13.7,36.6,37.3,18.5,23.2,79.7,9,33.9,42.9,24.5,14.7,6.4,6.3,4.7,20.7,21.7,3.6
Milwaukee Bucks,12,7,5,0.583,48,102.8,38.5,88,43.8,10.6,32.3,32.7,15.2,20.8,73.1,9.8,40.7,50.4,20.8,13.8,6.3,4.5,5.5,19.1,20.1,1.5
Phoenix Suns,13,7,6,0.538,48,107.6,41.2,82.8,49.7,9.8,27.2,36.3,15.5,18.9,81.7,9.5,30.7,40.2,25.7,13.3,6.6,3.8,3,22.5,21.2,-1
Dallas Mavericks,18,9,9,0.5,48,106.3,36.3,80.8,44.9,15.8,41.5,38,18,23.3,77.1,6.5,30,36.5,19.2,10.2,7.2,2.8,3.6,21.1,22.1,0.7
Memphis Grizzlies,12,6,6,0.5,48,112.5,39.8,91.3,43.5,13.1,35.8,36.5,19.9,27.1,73.5,12.4,33.4,45.8,25.2,14,9.2,6.1,6.8,20.8,23.8,2.4
Philadelphia 76ers,12,6,6,0.5,48.4,104.5,36.4,78.3,46.5,12.4,33.3,37.3,19.3,22.7,84.9,7.7,31.3,39,21.8,14.8,6.1,4.3,4.2,20.6,20.5,0.3
Minnesota Timberwolves,6,2,4,0.333,48,109.2,36.3,82,44.3,13.8,35.7,38.8,22.7,28,81,7,33,40,22.8,17.7,8.2,7.8,6.2,26.8,23.2,-5.5
New Orleans Pelicans,6,2,4,0.333,48,109.8,39,84.3,46.2,9.3,26.3,35.4,22.5,28.8,78,15.2,30.5,45.7,21.3,14.5,6.3,3.5,4,21.2,22.7,-1.5
Toronto Raptors,6,2,4,0.333,48.8,103.2,38.3,86,44.6,9.8,32.8,29.9,16.7,21,79.4,10,27.5,37.5,20.7,10,6.7,4.8,4.8,22.2,20.3,-8.3
Utah Jazz,6,2,4,0.333,48,99,35,79,44.3,8.2,29.8,27.4,20.8,26.5,78.6,9.3,35.5,44.8,17.2,11.7,4,3.7,2.3,22,23.2,-5.7
Atlanta Hawks,5,1,4,0.2,48,97.4,34.4,78.2,44,11.4,35,32.6,17.2,22,78.2,8.6,30.8,39.4,18.6,16.4,5.8,2.4,3,21.6,23.4,-12
Chicago Bulls,5,1,4,0.2,48,95.2,36.4,90.2,40.4,10.4,36.8,28.3,12,14.4,83.3,8.2,35.8,44,23,13,7.8,3.2,4.8,18.6,17.8,-14.6
Denver Nuggets,5,1,4,0.2,48,110,39.4,82.8,47.6,11.2,31.4,35.7,20,25.2,79.4,11.2,30.6,41.8,25,16.4,7,3.4,6.2,25,23.2,-8
Brooklyn Nets,4,0,4,0,48,109,39.3,78,50.3,11.5,27.3,42.2,19,25.8,73.8,8.5,25.5,34,22.3,15.3,8,6.5,4,24.8,24.5,-4.5
Milwaukee Bucks,23,16,7,0.696,48.4,110.3,42.1,91.1,46.2,11.2,35,32.1,14.9,20.8,71.8,12.8,36.1,49,22.8,12.7,7.8,4.2,3.8,18,20.1,5.1
Phoenix Suns,22,14,8,0.636,48,109,40.9,85,48.1,11.2,29.7,37.6,16,18.6,86.1,8,34.7,42.7,23.2,11.9,6.5,4.2,3.6,19.7,18.5,4.5
Brooklyn Nets,12,7,5,0.583,48.4,112.5,40.7,86.2,47.2,13.6,35.6,38.2,17.6,20.3,86.8,8.3,34.3,42.6,22.6,11.6,7.1,4.8,6.2,21.2,18.6,6.3
Philadelphia 76ers,12,7,5,0.583,48,116.3,42.5,85.8,49.6,11.2,28.4,39.3,20.1,29.3,68.5,9,35.7,44.7,24.9,12.8,8,6.2,3.8,23,23.8,7.5
Atlanta Hawks,18,10,8,0.556,48,106.3,38.9,86.8,44.9,11.7,34.2,34.3,16.7,20.9,79.8,9.1,33.3,42.4,20.2,12.4,6.7,4.4,4.3,21.2,20.3,-1.5
Utah Jazz,11,6,5,0.545,48,116.9,39.7,84.2,47.2,18,43.6,41.3,19.5,24.3,80.1,9.4,33,42.4,19.6,13.5,5.2,4.1,4.3,21.5,21.1,-0.8
LA Clippers,19,10,9,0.526,48,111.6,39.1,81.9,47.7,13.8,36.4,38.1,19.5,23.7,82.3,8.8,32.4,41.2,20.8,10.7,6.8,4.3,2.7,19.5,21.3,4.1
Dallas Mavericks,7,3,4,0.429,48,106,39.1,86,45.5,13.6,35,38.8,14.1,20,70.7,10.3,30.3,40.6,20.7,11,5.6,2.1,5,20.3,20.6,-5.1
Denver Nuggets,10,4,6,0.4,49,114.8,42.1,92.2,45.7,14.7,38.5,38.2,15.9,20.9,76.1,11.7,31.9,43.6,24.9,11.2,6.1,4.3,4.9,20.4,20.3,-5.5
Los Angeles Lakers,6,2,4,0.333,48,97.5,34.3,83,41.4,9.8,32.8,29.9,19,24.5,77.6,10.5,32.7,43.2,19.3,13.8,6.7,4,5,20.5,21,-6.5
Portland Trail Blazers,6,2,4,0.333,49.7,119.5,42,88.3,47.5,16.2,39.2,41.3,19.3,22.7,85.3,9.3,32.3,41.7,22.8,11.8,5.2,5.5,4.5,23.2,20.2,-1.3
Boston Celtics,5,1,4,0.2,48,112.2,38.4,88.2,43.5,12.8,36.6,35,22.6,27.4,82.5,12.6,28.8,41.4,21,13,6.4,7,6.6,21,23.4,-11.2
Memphis Grizzlies,5,1,4,0.2,48,115,44.2,94.4,46.8,10.4,31.6,32.9,16.2,20.4,79.4,11.2,30,41.2,22,10.4,8,4,6.2,20.6,19.2,-8.4
New York Knicks,5,1,4,0.2,48,97,34.4,86.4,39.8,10.4,30.4,34.2,17.8,21.8,81.7,11.8,34.6,46.4,18.6,12.2,5.8,2.8,6.8,19.8,19,-7
Washington Wizards,5,1,4,0.2,48,110,40.6,88.6,45.8,7,24.2,28.9,21.8,29,75.2,10.6,32.8,43.4,22.4,13.4,4.8,4.8,7.2,24,23.8,-14
Miami Heat,4,0,4,0,49.3,98,35.3,89.3,39.5,12,35.8,33.6,15.5,20.3,76.5,9,33.3,42.3,21.5,14,7.3,3.5,3,20.5,20,-20.5
Los Angeles Lakers,21,16,5,0.762,48,112.8,41,84,48.9,12.1,34.2,35.4,18.6,24.6,75.8,10.6,33.5,44.1,25.6,15.4,8,5.3,3.1,22.7,22.4,6.9
Miami Heat,21,14,7,0.667,48.5,110,37.7,82,46,12.8,35.5,35.9,21.8,26.4,82.5,7.8,33.6,41.3,24.9,13.2,6.9,3.9,4.5,19.9,22.6,2
Toronto Raptors,11,7,4,0.636,48.9,109.4,39.1,88.5,44.2,14.6,40.3,36.3,16.5,21.3,77.8,8.2,36.5,44.6,24.8,13.1,7.1,5.5,5,22.5,20.3,4.1
Boston Celtics,17,10,7,0.588,48.9,109.4,38.6,84.9,45.4,12.4,36.4,34.1,19.8,24.2,81.6,8.8,36.5,45.2,22.6,13.9,6.7,4.8,4.8,22.3,22,5
LA Clippers,13,7,6,0.538,48.4,114,40.9,86.4,47.4,12.1,32.8,36.8,20.1,25.2,79.8,9.5,34.5,44,21.2,13,7.5,3.7,4.1,22.9,22.3,4.2
Milwaukee Bucks,10,5,5,0.5,48.5,111.1,40.1,87.1,46,13.3,37.1,35.8,17.6,24.3,72.4,9.4,37.3,46.7,24.3,14.9,7.2,4.2,3.6,21.7,21.2,1.2
Denver Nuggets,19,9,10,0.474,48.3,107.4,38.8,82.5,47.1,12.3,32.4,37.9,17.5,21.4,81.6,9.3,31.4,40.6,22.5,13.9,6.2,4,4,22.4,22.1,-2.3
Oklahoma City Thunder,7,3,4,0.429,48.7,104,36.7,85.4,43,12,36.6,32.8,18.6,24,77.4,9,40.9,49.9,17.9,17,5.3,4,3.9,17.1,23,-6.4
Utah Jazz,7,3,4,0.429,48.7,113.4,39.9,81.9,48.7,15.7,37.3,42.1,18,23.3,77.3,9.3,31.9,41.1,21.4,12,6.1,3.1,4.6,19,21.3,3.4
Houston Rockets,12,5,7,0.417,48.4,107.7,37.4,85.8,43.6,16.9,46.8,36.2,15.9,20.2,78.9,6.7,32.2,38.8,21.3,13.4,9.1,3.5,4.9,22.2,18.6,0.8
Dallas Mavericks,6,2,4,0.333,48.8,117,42.2,89.2,47.3,13.5,37.5,36,19.2,26.5,72.3,7.7,35.5,43.2,21.5,12.7,6.5,3.7,3.3,22.5,24.5,-9.7
Orlando Magic,5,1,4,0.2,48,107,37.2,88.6,42,15,39.8,37.7,17.6,21,83.8,6.6,36.4,43,23.8,14.6,6.8,3.2,3.8,21,20.6,-9.2
Portland Trail Blazers,5,1,4,0.2,48,106.6,37.6,88.2,42.6,11.6,30.6,37.9,19.8,25,79.2,9.8,33,42.8,17.8,16,7.4,3.6,5.8,25,22.8,-10.6
Brooklyn Nets,4,0,4,0,48,105.8,36.3,91.3,39.7,15.5,46,33.7,17.8,24.5,72.4,9.3,35,44.3,25.8,14.5,5,4.5,5.5,21.3,22.5,-20.5
Indiana Pacers,4,0,4,0,48,100.8,36.5,80.3,45.5,12,32,37.5,15.8,20.3,77.8,5.8,30.8,36.5,22.5,15.3,9.3,5.5,4.3,23.3,15.8,-10.5
Philadelphia 76ers,4,0,4,0,48,100.5,33.3,84,39.6,8,30.3,26.4,26,32,81.3,12.3,33.8,46,17.5,12,5,4.5,5.5,22.3,24.3,-11.8
Milwaukee Bucks,15,10,5,0.667,48.7,112.8,39.8,88.3,45.1,12.8,38.1,33.6,20.4,28,72.9,10.1,41.8,51.9,25,13,6.7,6.4,4.7,21.8,23.3,8.8
Toronto Raptors,24,16,8,0.667,48.4,106.6,37.7,84.8,44.4,11.9,34.5,34.6,19.3,23.3,83,8.3,34,42.3,22.5,12.1,8,4.6,5,22.6,21.8,5.5
Golden State Warriors,22,14,8,0.636,48.5,114.1,41.1,86.1,47.7,12.2,32.7,37.2,19.8,24.3,81.3,10.1,33.2,43.3,28.4,14.9,7.4,5.7,3.9,23.2,22.3,3.4
Philadelphia 76ers,12,7,5,0.583,48,108.7,39.4,85.8,45.9,9.4,28.4,33.1,20.4,25.8,79,11.4,37.1,48.5,24.4,16.5,6.3,5.4,3.4,22.4,22.1,3
Boston Celtics,9,5,4,0.556,48,102.1,35.7,84.1,42.4,11.3,33,34.3,19.4,24.2,80.3,7.4,40.3,47.8,21.4,14.8,5.9,3.8,4.3,20.8,21,-1.4
Houston Rockets,11,6,5,0.545,48.5,108.5,37.2,83.8,44.4,15.6,42.7,36.6,18.5,24.3,76.4,9.6,33.3,42.9,18.3,15.8,8.5,5.1,4.6,21.6,21.5,3.2
Denver Nuggets,14,7,7,0.5,49.4,109.1,39.9,90.2,44.3,9.6,27.8,34.4,19.7,25.2,78.2,13.1,34.6,47.7,24,9.8,5.7,4.6,4.7,21.3,21.9,1.9
Portland Trail Blazers,16,8,8,0.5,49.6,109.7,39.4,90.4,43.6,11.8,32.8,36,19,24.8,76.6,11.4,33.8,45.2,19.8,12.9,6.9,5.1,5.9,22.8,22.8,-1.4
San Antonio Spurs,7,3,4,0.429,48,103.3,39.4,85.1,46.3,6.7,19.9,33.8,17.7,23,77,10.7,34.4,45.1,21.1,8.4,4.6,4,3.6,19.4,20,-1.9
LA Clippers,6,2,4,0.333,48,114.7,39.8,89.2,44.7,11.5,31.7,36.3,23.5,28.8,81.5,10,30.2,40.2,25.3,15,8,3.3,7.5,25,25.8,-9.8
Brooklyn Nets,5,1,4,0.2,48,111.4,38.4,91.4,42,11,34,32.4,23.6,29.2,80.8,11.2,29.2,40.4,19.2,14.2,7.6,2.8,6,22.8,24.2,-11
Oklahoma City Thunder,5,1,4,0.2,48,105.2,37.8,86,44,10.4,31.4,33.1,19.2,25.4,75.6,10.2,33,43.2,22.6,15.2,6.6,5.4,5.8,24.2,23.4,-5.8
Orlando Magic,5,1,4,0.2,48,92,32.2,83,38.8,10.4,34.8,29.9,17.2,22.2,77.5,9.6,33.8,43.4,19,15.6,6.6,4,4.2,18.8,23,-14.4
Utah Jazz,5,1,4,0.2,48,97.8,34.6,86.4,40,9.4,35.8,26.3,19.2,25.6,75,11.8,35.4,47.2,23,15.2,9.2,5.4,7,21.8,21.4,-9.2
Detroit Pistons,4,0,4,0,48,98,37.5,96.8,38.8,11,33.3,33.1,12,16.5,72.7,10.8,31.5,42.3,23,10.5,7.3,4,8.8,24.3,20,-23.8
Indiana Pacers,4,0,4,0,48,91.8,33.5,83.5,40.1,10,29.8,33.6,14.8,20.5,72,8,32.3,40.3,20.8,12,8.3,3.5,3,20,19.5,-7.5
Golden State Warriors,21,16,5,0.762,48.2,110.4,41.2,86,48,11.2,31.4,35.7,16.8,20.4,82.2,9.1,35.9,45,26,12.9,7.9,5.8,3.6,19.7,19.4,10
Houston Rockets,17,11,6,0.647,48,104.9,37.2,85.3,43.6,13.4,39.8,33.7,17.2,22.2,77.2,8.8,34.2,43,18.8,12.1,8.1,5.5,4.4,19.1,19.5,1.8
Boston Celtics,19,11,8,0.579,48.5,101.4,36.4,83.3,43.7,10.5,30.6,34.3,18.1,23.5,76.7,8.8,32.8,41.7,21.2,11.6,6.8,4.1,5.6,20.4,21.4,0.7
New Orleans Pelicans,9,5,4,0.556,48,110,42.9,89.8,47.8,9.9,27,36.6,14.3,18.3,78.2,7.9,37.7,45.6,26.9,14.4,8.1,5,4.9,19.3,19,-0.8
Cleveland Cavaliers,22,12,10,0.545,48.5,101.1,36.9,81.9,45,10,30.3,33.1,17.4,23.1,75.2,9.8,31.6,41.4,19.2,12.7,6,4.4,4.4,19.5,21.9,-1.7
Philadelphia 76ers,10,5,5,0.5,48.5,108.8,38.7,88.5,43.7,9.9,29.3,33.8,21.5,28.3,76,13.4,36.1,49.5,25.8,14.6,7.8,4.1,5.9,22.8,25.5,3.9
Utah Jazz,11,5,6,0.455,48,102.4,37.7,82.9,45.5,10.7,29.9,35.9,16.2,23.5,68.7,9.4,35.6,45,20.3,15.5,7.5,5,5.5,20.5,20.9,-2.2
Indiana Pacers,7,3,4,0.429,48,100.6,38.6,80.1,48.1,9.7,27.1,35.8,13.7,19.3,71.1,8.1,31.9,40,21.1,13.1,8.1,2.7,3.6,21.9,20.3,5.7
Milwaukee Bucks,7,3,4,0.429,48.7,101.9,39.1,78.3,50,9.6,25.7,37.2,14,19.9,70.5,5.6,33,38.6,22,13.1,6.6,6.7,4.1,22.9,19.4,-0.6
Toronto Raptors,10,4,6,0.4,48.5,107.3,38.9,82.3,47.3,10.4,26.7,39,19.1,23.9,79.9,9.4,30.7,40.1,21.8,14,5.7,6.1,4.8,22.6,20.3,-4.4
Oklahoma City Thunder,6,2,4,0.333,48,101.2,37.2,86.5,43,10.5,28.8,36.4,16.3,21.2,77.2,9.3,34.7,44,16.3,14,8.8,4.2,5.5,21.7,20.7,-4.3
Washington Wizards,6,2,4,0.333,48,107.2,39.7,85.2,46.6,8,21.8,36.6,19.8,23.3,85,8.5,31.5,40,23.3,13.5,7.8,5.2,6.2,21,21.3,-2
Miami Heat,5,1,4,0.2,48,103.4,36.6,82.8,44.2,10.8,27.6,39.1,19.4,28.6,67.8,9.6,31.4,41,23.8,16,8.8,6.4,4.2,29.2,24,-10.8
Minnesota Timberwolves,5,1,4,0.2,48,101.6,38,82.6,46,9,21.8,41.3,16.6,22.8,72.8,8.6,36.6,45.2,22.4,12.6,5,3.2,6.2,18.2,17.6,-8.8
San Antonio Spurs,5,1,4,0.2,48,96.8,34.6,83.8,41.3,8.4,28.2,29.8,19.2,23,83.5,8.4,29.2,37.6,19,11,7.6,3,5,20.4,19.8,-8.8
Portland Trail Blazers,4,0,4,0,48,105.5,41.3,91,45.3,10.8,32.3,33.3,12.3,15.8,77.8,11.3,32.3,43.5,19,14.5,8.3,3.8,6.5,20.5,19.5,-9
Golden State Warriors,17,16,1,0.941,48,119.3,42.9,87,49.4,12.7,32.9,38.6,20.7,25.4,81.5,9.3,36.5,45.8,28.2,13.6,8.7,6.1,3.8,21.8,21.6,13.5
Cleveland Cavaliers,18,13,5,0.722,48,116.2,40.9,83.1,49.3,14.2,33.9,42,20.1,26.2,76.7,9.2,32.9,42.2,22.1,13.1,7.4,4.7,3.8,18.8,22.3,7.9
Houston Rockets,11,6,5,0.545,48.5,107.7,37.3,85,43.9,12.8,38.5,33.3,20.4,25.8,78.9,9.9,33,42.9,19.5,14,7.7,4.6,7,20.9,19.5,1.2
Washington Wizards,13,7,6,0.538,48.4,108.1,40.1,87.6,45.7,8.4,26.5,31.7,19.5,24.6,79.4,11.2,31.8,43,22.8,13.8,7.9,6.6,4.4,23,22.5,0
Boston Celtics,18,9,9,0.5,48.3,105.2,38.4,84.1,45.7,12.7,34.4,36.9,15.7,20.3,77.3,9.4,28.5,37.9,26.9,13.4,7.7,4.1,5.2,20.8,19,-2.9
San Antonio Spurs,16,8,8,0.5,48.6,107.1,40,86.6,46.2,8.6,24.4,35,18.5,23.9,77.3,12.8,31.7,44.4,21.3,12.8,7.8,4.7,3.9,18.8,21.3,1
LA Clippers,7,3,4,0.429,48,97.7,36.4,77,47.3,8.1,23.4,34.8,16.7,24,69.6,7.7,30,37.7,18.4,12.1,6.3,2.4,3.1,20.3,20.9,-1.1
Toronto Raptors,10,4,6,0.4,48,96.7,35.3,79.5,44.4,7.8,23.5,33.2,18.3,22.5,81.3,6.8,32.5,39.3,19.6,12.9,7.4,4.4,5,20.9,19.9,-5.7
Utah Jazz,11,4,7,0.364,48,97.8,35.6,78.4,45.5,9.5,25.9,36.5,17.1,23.4,73.2,6.7,32.4,39.1,19.7,12.1,7.4,3.2,3.3,21.1,20.4,-4.7
Atlanta Hawks,6,2,4,0.333,48,105.5,37.5,84.5,44.4,8.3,27.3,30.5,22.2,29,76.4,11.3,33,44.3,22.3,16,6,3.3,7.5,21.3,24.8,-1.2
Chicago Bulls,6,2,4,0.333,48,96.5,36.3,82.5,44,7,23.5,29.8,16.8,19.8,84.9,12.5,34.2,46.7,20,15.3,7.2,5.2,3.7,18.3,17.2,-6.8
Memphis Grizzlies,6,2,4,0.333,48.8,96.3,34.7,77.2,44.9,9.3,24.2,38.6,17.7,20.3,86.9,7.7,27.8,35.5,18.8,11.3,5.2,2.5,3.8,22.2,19.2,-8.3
Milwaukee Bucks,6,2,4,0.333,48,93.2,34.8,78.2,44.6,9,21.7,41.5,14.5,20.8,69.6,8.2,29.8,38,21.2,13.3,8.2,5,4.7,21.3,21.2,-0.7
Oklahoma City Thunder,5,1,4,0.2,48,104.2,38.6,87.4,44.2,8.4,27,31.1,18.6,27,68.9,12.2,31.4,43.6,19.8,12.8,8.4,8,5,22.2,22.6,-8.6
Indiana Pacers,4,0,4,0,48,108.8,40.5,87,46.6,11.3,28.8,39.1,16.5,21.5,76.7,11.8,30.3,42,22.5,13.3,8,3.8,6.3,22.8,18.3,-4
Portland Trail Blazers,4,0,4,0,48,101.5,35.5,89.5,39.7,11,34,32.4,19.5,24.3,80.4,10,34,44,15.8,15.3,7.3,4.8,10.3,21.8,18.8,-18
Cleveland Cavaliers,21,16,5,0.762,48,104.8,38.3,81.8,46.9,12.3,30.2,40.6,15.8,21.8,72.5,10.7,32.6,43.3,21.2,12.5,7.8,4.2,4.5,19.6,21,8.6
Golden State Warriors,24,15,9,0.625,48.2,107.7,38.9,85.6,45.5,12.8,32.4,39.3,17.1,23.3,73.5,10.5,32.7,43.2,24.3,14,8,5.5,5.2,22,22.1,4.4
Oklahoma City Thunder,18,11,7,0.611,48,106.4,38.2,84.5,45.2,8.3,24.9,33.3,21.7,27.6,78.6,12.5,34.4,46.9,20.5,13.9,7.7,5.4,4,20.3,21.2,5.3
San Antonio Spurs,10,6,4,0.6,48,102,38.7,82.5,46.9,8.2,19.1,42.9,16.4,20.5,80,7.9,31.6,39.5,21.3,11.6,9.1,7,4.7,18.2,19.9,9.1
Miami Heat,14,7,7,0.5,49.1,96.9,36.9,80.5,45.8,6.9,19.1,35.8,16.3,21.3,76.5,9.1,35.1,44.2,16.4,13.1,5.4,5.9,3.4,21.2,19.6,3.1
Toronto Raptors,20,10,10,0.5,48.8,93.4,34.3,81.4,42.1,6.9,23,29.8,18.1,24.5,73.7,10.8,29.6,40.4,15.7,13,7.5,3.7,4.9,21.9,20.5,-4.3
Portland Trail Blazers,11,5,6,0.455,48.5,105,37.1,89.1,41.6,11.9,31.3,38.1,18.9,25.5,74,12.9,34.7,47.6,21.5,13.1,6.2,3.9,5.9,23.5,21.8,-2.5
Charlotte Hornets,7,3,4,0.429,48,90.3,31.9,80.4,39.6,5.7,18.6,30.8,20.9,24.9,83.9,7.1,29.7,36.9,13.6,9.4,5.7,3.3,7.1,17.4,21.6,-8.9
Indiana Pacers,7,3,4,0.429,48,93.7,33,74.9,44.1,8.1,21.3,38.3,19.6,23.9,82,9.1,30.1,39.3,18.1,14.4,7.6,5.6,4.6,22.3,21.7,1.4
Atlanta Hawks,10,4,6,0.4,48.5,100.1,36.6,84.8,43.2,10.6,31.8,33.3,16.3,20.5,79.5,8.9,35.4,44.3,22.6,14.4,7.5,7.6,5.5,20.2,20.9,-1
Boston Celtics,6,2,4,0.333,48.8,93.8,34.3,89.5,38.4,8.7,31.5,27.5,16.5,21,78.6,10.7,35.3,46,21,14.7,6.3,6.5,8.7,22,20,-6.7
LA Clippers,6,2,4,0.333,48,98.3,37.2,85,43.7,5.7,19.5,29.1,18.3,29.3,62.5,11.3,34.8,46.2,18.2,9.7,8.5,4.7,3.5,20.5,23.8,1
Dallas Mavericks,5,1,4,0.2,48,93.8,35.4,81.2,43.6,6.2,21.4,29,16.8,24.2,69.4,9.2,25.8,35,20.6,11.8,6,2.4,4.6,24,22.4,-18.2
Houston Rockets,5,1,4,0.2,48,91.2,33,85.6,38.6,7.6,28.4,26.8,17.6,27.4,64.2,14.4,33,47.4,18,19,8.4,4.2,5.4,25.6,22.2,-18.8
Detroit Pistons,4,0,4,0,48,95,36,75.3,47.8,8.8,23.3,37.6,14.3,22,64.8,7,30.8,37.8,21.8,10.5,5.3,3.3,2.5,19,20.3,-8.5
Memphis Grizzlies,4,0,4,0,48,81,32,81.3,39.4,4.8,16,29.7,12.3,17.5,70,13.8,27.3,41,16.5,15.5,7.8,4,9.3,21.5,17.5,-22
Golden State Warriors,21,16,5,0.762,48.7,103.3,38.2,84.2,45.3,11.4,30.5,37.4,15.5,22.1,69.9,11.6,34,45.6,24.5,14.6,8,5.8,4.7,22.4,20.9,7.8
Cleveland Cavaliers,20,14,6,0.7,48.8,99,34.7,82.7,42,9.8,28.7,34,19.9,26.9,73.8,12.3,34.9,47.1,18,13,6.3,6.4,4.7,20.9,22.5,4
Washington Wizards,10,6,4,0.6,48.5,101.1,37.3,84.5,44.1,9.4,23.3,40.3,17.1,23.7,72.2,11.6,35.6,47.2,23.1,14.5,7.1,5.3,4.8,20,21.9,3.9
Memphis Grizzlies,11,6,5,0.545,48,94.7,35.7,84.1,42.5,4.4,14,31.2,18.9,22.7,83.2,10.5,32.9,43.5,20.4,11,8.6,4.1,5.6,19.4,20.4,-1.3
Houston Rockets,17,9,8,0.529,48,108.2,37.4,83.4,44.8,9.5,27.5,34.4,24,36.7,65.4,10.9,34.8,45.7,21.9,15.5,8.4,5.5,5.4,23.4,27.2,-2.5
Atlanta Hawks,16,8,8,0.5,48.6,98,36.9,85.6,43.1,9.1,28.6,31.7,15.2,19.4,78.1,9.8,33.9,43.7,23.8,12.7,8.5,4.9,4.3,19.7,19.2,-0.2
Chicago Bulls,12,6,6,0.5,48.8,96,35.1,83.8,41.9,9.2,24.6,37.3,16.7,21.5,77.5,11.7,33.8,45.4,22.2,14,7.2,6.6,7.1,18.8,20.3,3.4
Los Angeles Clippers,14,7,7,0.5,48.4,107.8,39.5,84.8,46.6,8.4,25.4,32.9,20.4,30.6,66.7,9.6,35,44.6,22.5,13.1,8.6,5.9,4.9,24.8,25.1,1.4
San Antonio Spurs,7,3,4,0.429,48.7,103.4,38.3,85.3,44.9,9.6,26.1,36.6,17.3,25.4,68,11.7,34.7,46.4,24.1,12.1,6.1,4.7,6.1,24.9,20.9,0.4
Brooklyn Nets,6,2,4,0.333,48.8,96.3,36.2,83.2,43.5,8.5,24,35.4,15.5,20.8,74.4,9.5,35,44.5,21.7,14.3,7.5,3.3,4.7,19,18.5,-5.5
Milwaukee Bucks,6,2,4,0.333,49.7,88.5,34.2,88.2,38.8,5.5,18.2,30.3,14.7,20.8,70.4,12.2,31.5,43.7,20.3,13.2,10.8,6.7,7,21.2,18.8,-12.3
Dallas Mavericks,5,1,4,0.2,48,110,41.6,92,45.2,7.6,24.4,31.1,19.2,25.2,76.2,13.6,33.8,47.4,21.2,14.2,7,4.6,5.2,27.2,24.6,-4.2
Portland Trail Blazers,5,1,4,0.2,48,93.8,33.4,83.6,40,9.2,26.2,35.1,17.8,21.6,82.4,10,34.2,44.2,16.6,11.6,3.4,5.2,6.2,20.6,20,-6.8
Boston Celtics,4,0,4,0,48,94.8,34.8,82.8,42,5.5,21.5,25.6,19.8,25.5,77.5,10,30.8,40.8,20,13.5,5.3,3.8,7.8,26.8,23.3,-9.3
New Orleans Pelicans,4,0,4,0,49.3,100.8,38,84.3,45.1,6.8,21.3,31.8,18,22.3,80.9,10.8,31.3,42,23.3,13.5,7.5,5.8,6.3,23.8,19.8,-8
Toronto Raptors,4,0,4,0,49.3,96.3,36.8,88.3,41.6,7.5,25,30,15.3,21.3,71.8,8.8,29.8,38.5,19.5,12,7.5,2.3,6.5,25,20.5,-14
San Antonio Spurs,23,16,7,0.696,48.2,106.3,39.7,80.9,49.1,8.8,21.6,40.9,18,23.5,76.7,9.4,32.6,42,22.2,12.6,8.1,3.5,3.7,19.8,21.6,9.3
Miami Heat,20,13,7,0.65,48,97.3,35.4,72.2,49.1,9.3,23.5,39.6,17.2,22,78,6,28.1,34,18.3,12.2,7.4,3.9,2.8,20.7,19.6,1.8
Washington Wizards,11,6,5,0.545,48.5,90.4,34.5,79.7,43.2,5.6,16.8,33.5,15.8,22.7,69.6,11.7,33.2,44.9,19.5,12.8,7.5,5.6,4.3,22.3,21.2,0.9
Indiana Pacers,19,10,9,0.526,48,91.6,33.6,74.5,45.1,7.3,19.3,38,17,23.4,72.7,8.2,31.3,39.5,18.8,13.6,7.1,4.2,4.3,20.7,21.6,-1
Oklahoma City Thunder,19,10,9,0.526,49.3,102.5,36.6,81.4,45,7.5,23.3,32.3,21.8,26.6,82,11.2,34.1,45.2,19.3,15.1,6.3,6.2,3.1,23,22.2,-1.1
Los Angeles Clippers,13,6,7,0.462,48,108.8,39.4,85.4,46.1,9.2,25.8,35.5,20.8,28.5,73,11.4,28.4,39.8,23.8,12.6,9.4,4.4,4.8,24.3,24.1,2
Portland Trail Blazers,11,5,6,0.455,49.4,104.3,38.4,87.7,43.7,7.9,22.8,34.7,19.6,24.6,79.7,11.7,32.5,44.2,17.5,13.8,5.9,6,4.3,22.5,23.3,-6.3
Atlanta Hawks,7,3,4,0.429,48,92.4,30.3,78.7,38.5,11.3,32.9,34.3,20.6,24.9,82.8,9.1,30.1,39.3,16.9,13.6,6.6,4.6,6.3,20.9,22.6,-1
Dallas Mavericks,7,3,4,0.429,48,101.1,39.1,86.7,45.1,8.4,22.4,37.6,14.4,18.9,76.5,11.7,29,40.7,19.1,11.4,6.6,4.1,3.6,20.3,19.6,-2
Golden State Warriors,7,3,4,0.429,48,106.4,38.3,83.1,46,9.6,26.3,36.4,20.3,27.9,72.8,13.1,29.6,42.7,24.4,17.3,7,4.6,5.1,25.3,23,-4.4
Memphis Grizzlies,7,3,4,0.429,50.9,96.7,36.7,88.1,41.7,4.4,15.3,29,18.9,25.9,72.9,12.9,29.9,42.7,21.7,11.1,9,2.4,7.6,20.9,23,-5.4
Toronto Raptors,7,3,4,0.429,48,96.1,32.7,74.1,44.1,6.6,21,31.3,24.1,29,83.3,10.1,31.6,41.7,17.7,15.3,5.6,3,3.6,25.9,24.1,-1.6
Brooklyn Nets,12,5,7,0.417,48,95.5,34.8,75.1,46.3,7.8,22.7,34.2,18.3,24.8,73.7,10,27.8,37.8,18.3,12.3,6.9,2.8,4,22.3,22.6,-1.3
Houston Rockets,6,2,4,0.333,50.5,112,40.8,91.7,44.5,8.2,25.7,31.8,22.2,29.8,74.3,16.7,32.5,49.2,18.3,13.8,6,5,9.2,26,24.8,0.3
Chicago Bulls,5,1,4,0.2,49,90,33.2,78.6,42.2,6.4,19.2,33.3,17.2,22.8,75.4,12.2,29.6,41.8,20.2,13.2,5,4.4,6.6,22,22.2,-4.6
Charlotte Bobcats,4,0,4,0,48,92,33.8,75.3,44.9,7.8,21.3,36.5,16.8,23.5,71.3,8.3,31.5,39.8,19.8,15,4.3,4.5,4.5,20.3,19.8,-9.8
San Antonio Spurs,21,15,6,0.714,49.4,100.3,38,82.2,46.3,7.9,20.8,37.8,16.4,21.5,76.3,9.7,32.9,42.6,21.9,12.9,7.9,5,4.7,19.1,21.1,7
Miami Heat,23,16,7,0.696,48.4,97.1,35.8,76.6,46.8,7.7,20.2,38.1,17.8,23.2,76.6,9.7,28.4,38.1,20.6,13.1,8.3,5.4,3.4,22.2,21,6.4
Indiana Pacers,19,11,8,0.579,48.3,91.8,32.2,74.4,43.3,6.3,19.2,32.7,21.1,28.5,74,12.7,32.9,45.6,17.5,16.4,5.4,4.5,4.7,22.4,24.8,0.2
Memphis Grizzlies,15,8,7,0.533,49,94.7,34.1,81.5,41.8,4.8,14.8,32.4,21.7,29.1,74.8,11.7,30,41.7,19.3,10.7,7.3,4.6,6.5,22.1,25.3,0.6
Golden State Warriors,12,6,6,0.5,49.3,102.7,39,84.4,46.2,8.7,22.3,38.8,16,21.8,73.6,11.5,34.6,46.1,21.7,16.5,6.4,4.9,3.5,23.8,21.9,0.2
New York Knicks,12,6,6,0.5,48.4,88.6,33.3,81,41,8,23.3,34.3,14.1,18,78.2,10.7,28.8,39.5,15.1,11.6,8.8,4.3,4.2,23.8,18.9,2.7
Oklahoma City Thunder,11,5,6,0.455,48.5,98.5,34.8,81.6,42.7,8.6,24.7,34.9,20.2,24.1,83.8,9.8,33.1,42.9,18.1,13.6,6,7,4.9,24.9,22.1,1.4
Brooklyn Nets,7,3,4,0.429,50.1,99.4,37,83.7,44.2,6.1,19.4,31.6,19.3,25.4,75.8,11.7,30.4,42.1,19.9,11.6,6.3,5.6,5.7,19.9,21.7,2
Chicago Bulls,12,5,7,0.417,49.3,91.9,35,79.9,43.8,5.4,17,31.9,16.5,22.9,72,11.8,29,40.8,19.5,14.3,6.4,4.6,5.8,22.4,21.2,-6.7
Atlanta Hawks,6,2,4,0.333,48,89.3,32.7,77.3,42.2,6.2,18.7,33,17.8,26.2,68.2,8.3,30,38.3,19.2,12.2,7.3,3.8,4.8,24.2,23.8,-5.2
Boston Celtics,6,2,4,0.333,48.8,82.3,28.5,69,41.3,6.8,20.7,33.1,18.5,21.5,86,5.2,33.8,39,16.8,17.3,5.5,3,4.3,18.8,21.3,-5.3
Denver Nuggets,6,2,4,0.333,48,103,37.2,84.8,43.8,7,22.5,31.1,21.7,29.7,73,11.8,26.8,38.7,21.2,14.5,9,2.8,6.7,23.2,23.5,-4.2
Houston Rockets,6,2,4,0.333,48,100,34.3,81,42.4,11.7,33.7,34.7,19.7,27.7,71.1,10.8,32.7,43.5,18,15.8,5.8,5.5,7.3,23.2,24.7,-5.8
Los Angeles Clippers,6,2,4,0.333,48,94.7,35.2,75.3,46.7,5.8,19.2,30.4,18.5,23.7,78.2,8.8,28.3,37.2,18,13.3,5.2,5.7,4.2,27.8,23.8,-5.5
Los Angeles Lakers,4,0,4,0,48,85.3,34.5,78,44.2,5,18.5,27,11.3,18.5,60.8,8.5,31.5,40,18.5,16.5,5.8,5.3,5,17.5,18,-18.8
Milwaukee Bucks,4,0,4,0,48,85.3,33.3,76.8,43.3,6,23,26.1,12.8,20.3,63,8.8,26,34.8,19.8,16.3,10,2.5,4.3,19.8,20.3,-14.8
San Antonio Spurs,14,10,4,0.714,48,102,37.9,78.9,48.1,9.4,22.6,41.6,16.7,22.9,73.1,8.6,32,40.6,22.9,14.3,6.5,4.6,7,20.4,20.9,5.9
Miami Heat,23,16,7,0.696,48.4,97.3,35,76,46,6.8,19.7,34.7,20.6,27.7,74.4,10.2,30.3,40.4,17.5,13,7.3,5,3.8,20.6,23.9,7.1
Oklahoma City Thunder,20,13,7,0.65,48,101.3,37.2,80,46.5,6.8,19.2,35.5,20.1,24.5,82,9.3,30.5,39.8,18,11.6,8.7,6.9,4.1,22.4,20.9,4
Boston Celtics,20,11,9,0.55,48.8,89.5,33.8,77.2,43.8,4.7,16.3,28.5,17.3,21.6,79.9,8,31.9,39.9,19.8,13,8.2,4.9,4.4,21.7,19.8,1
Indiana Pacers,11,6,5,0.545,48.5,90.9,33.7,79.5,42.4,5.7,17.9,32,17.7,23,77.1,12.4,31.6,44,16.3,15.1,6.9,5.5,5.5,22,20.4,1.4
Philadelphia 76ers,13,7,6,0.538,48,85.7,32.1,78.1,41.1,4,13.2,30.4,17.5,24.4,71.9,10.8,31,41.8,18.2,11.5,7.6,5.3,6,18.7,21,-1.2
Denver Nuggets,7,3,4,0.429,48,96.7,38.4,89.3,43,5.3,19,27.8,14.6,20.3,71.8,15.4,32.3,47.7,20.9,11.1,7,6.9,9.4,21,18.7,0.4
Memphis Grizzlies,7,3,4,0.429,48.7,91.4,32.6,76.3,42.7,3.4,11.9,28.9,22.9,30.7,74.4,13.4,29.3,42.7,16.3,15.4,7.1,4.9,6.1,23.3,25.6,0.7
Los Angeles Lakers,12,5,7,0.417,48,94,35.2,83.2,42.3,5.3,17.3,30.4,18.4,23.7,77.8,14.2,30.7,44.8,18.8,12.5,5.8,7.8,7.4,19.7,21.7,-4.2
Los Angeles Clippers,11,4,7,0.364,48.5,90.9,34.5,75.3,45.8,6.2,16.4,37.8,15.8,23.7,66.7,8.7,28.1,36.8,17.3,14.7,9.5,6.5,5,24.1,21.5,-4.6
Atlanta Hawks,6,2,4,0.333,48.8,82.2,31.8,79.3,40.1,5.8,18.8,31,12.7,16.2,78.4,10,32.5,42.5,17.5,15.3,5.5,3.3,6.2,19.8,18.8,-4.7
Chicago Bulls,6,2,4,0.333,48,84.3,34,80.7,42.1,4.3,12.7,34.2,12,18.5,64.9,11.5,35.3,46.8,22.5,14.3,5.2,6.7,6.3,20.5,18.8,-1.7
New York Knicks,5,1,4,0.2,48,82.8,30.6,73.4,41.7,5,18.2,27.5,16.6,21.8,76.1,12.4,28,40.4,12.6,18.4,6,2.2,3.8,24.2,19.8,-14
Orlando Magic,5,1,4,0.2,49,83.8,31,77.8,39.8,8.4,24.6,34.1,13.4,19,70.5,9.8,28.6,38.4,17.2,14,6,4.4,6.2,19,19,-10.8
Dallas Mavericks,4,0,4,0,48,93.3,31.5,78,40.4,8,21.5,37.2,22.3,26.8,83.2,10.5,30,40.5,15.5,14.5,8,3.5,7.3,20.8,24.3,-6.5
Utah Jazz,4,0,4,0,48,86.3,32.8,85.8,38.2,2.3,11.3,20,18.5,26.3,70.5,16,32.5,48.5,16.8,13.5,6.5,6.8,5.5,20.3,19.8,-16
Dallas Mavericks,21,16,5,0.762,48.2,98.2,34.5,74.9,46.1,8.8,22.2,39.4,20.5,25.4,80.9,9.7,28.7,38.4,20.1,12.9,7.1,4.1,5.1,20.1,21.6,5.8
Miami Heat,21,14,7,0.667,48.5,92.8,32.6,73.3,44.5,5.9,17.9,33.1,21.6,27.8,77.7,10.1,30.9,41,16.5,13.9,7.3,6,4.2,19.2,21.5,2.7
Chicago Bulls,16,9,7,0.563,48.3,92.5,34,80.6,42.2,6.3,19.2,32.9,18.2,23.2,78.4,13.4,30.2,43.6,20.1,13.6,7.3,6.6,6.4,21.3,19.6,4.3
Boston Celtics,9,5,4,0.556,48.6,94.7,35.8,76.9,46.5,7.4,16,46.5,15.7,20.1,77.9,8.9,30.1,39,21,15.7,7.3,4.2,6.4,21.9,19.7,1.3
Memphis Grizzlies,13,7,6,0.538,49.9,98.6,36.7,84,43.7,3.8,12.1,31.8,21.4,28.2,76,12.5,30.6,43.1,18.8,13.1,8,6,6.8,23.6,23.7,-0.7
Oklahoma City Thunder,17,9,8,0.529,49.5,102.5,35.3,79.7,44.3,6.3,19.9,31.6,25.6,31.4,81.6,13.1,32.9,45.9,17.6,15.4,6.8,7.6,5.2,25,23.1,1.9
Atlanta Hawks,12,6,6,0.5,48,86.3,32.9,75.8,43.4,4.5,13.9,32.3,15.9,21.9,72.6,9,28.2,37.2,18.1,12.4,6.3,5,5.3,20.3,20,-4.4
Los Angeles Lakers,10,4,6,0.4,48,93.2,34.7,77.8,44.6,4.8,16.6,28.9,19,24.5,77.6,12.6,28.3,40.9,18.9,12.5,6.9,5.1,3.7,20.6,21.6,-1.3
New Orleans Hornets,6,2,4,0.333,48,89.3,32.8,71.8,45.7,4.5,14,32.1,19.2,25.8,74.2,7.7,25.8,33.5,20.2,12.8,7.2,3,5.8,23.7,21.2,-7.2
Orlando Magic,6,2,4,0.333,48,88.7,31,75.8,40.9,6.2,23.5,26.2,20.5,27.8,73.7,11.8,30.5,42.3,14.5,12.8,6.5,4,3.8,21.5,24.2,1.8
Portland Trail Blazers,6,2,4,0.333,48,88.2,33.2,73.2,45.3,5,16.7,30,16.8,21.5,78.3,9.2,28.5,37.7,17,11.5,5.7,5.2,3.7,20.8,19.5,-5.2
San Antonio Spurs,6,2,4,0.333,48.8,94.3,33.7,77.2,43.6,5.3,18.2,29.4,21.7,28.5,76,10.2,31.5,41.7,17.8,14.3,7.3,5.8,4.8,21.5,24.5,-3.2
Denver Nuggets,5,1,4,0.2,48,97.4,32.6,77,42.3,6.8,18.4,37,25.4,36,70.6,7.4,30.6,38,17.6,12.2,6.6,3.6,8.6,23.8,25,-4.8
Indiana Pacers,5,1,4,0.2,48,90.2,32.8,80.2,40.9,5.8,15.4,37.7,18.8,24.4,77,13,25.4,38.4,16,15.2,8.2,5.6,7.6,23,22.2,-7.4
Philadelphia 76ers,5,1,4,0.2,48,86.6,33.8,81.6,41.4,6.4,16.4,39,12.6,17.4,72.4,10.6,30,40.6,20.4,10.6,6.4,3.6,6.2,20.4,14.8,-7.4
New York Knicks,4,0,4,0,48,90.8,32,83,38.6,8.3,23.8,34.7,18.5,24.8,74.7,14.5,26,40.5,16.8,15.3,6.5,6.8,5,18.8,21,-8.5
Orlando Magic,14,10,4,0.714,48.4,96.6,32.8,70.8,46.3,9.9,26.9,36.6,21.1,30.1,70.1,9.3,31.1,40.4,16.9,13.7,6.4,5.5,3.8,22.4,26.1,8.6
Los Angeles Lakers,23,16,7,0.696,48,101.1,37.3,81.2,46,6.8,20.7,33,19.6,26,75.4,12.8,30.1,42.9,19.7,12.5,6.7,6.2,4.8,23.2,23.3,3.8
Boston Celtics,24,15,9,0.625,48.2,93.9,34.3,75.7,45.3,5.8,16,36.3,19.5,25.8,75.5,8.8,30.3,39.1,21.1,13.9,8,4.6,5.4,24.6,22.7,2.8
Phoenix Suns,16,10,6,0.625,48,107.1,38,79.6,47.7,9.4,24.4,38.4,21.8,28.1,77.3,10.7,29.4,40.1,20.8,12.6,5.9,4.1,5.2,22.4,23.3,4.6
Cleveland Cavaliers,11,6,5,0.545,48,100.2,34.9,74.5,46.9,7.2,20.6,34.8,23.2,31.3,74.1,8.6,31.1,39.7,21.1,14.9,6.1,6.6,4.2,21.9,24.5,1.3
Milwaukee Bucks,7,3,4,0.429,48,90,33.7,79.6,42.4,6.6,21.3,30.9,16,19.9,80.6,11.1,28,39.1,16.3,12.4,6.3,3.3,6.9,21,19.1,-3.7
San Antonio Spurs,10,4,6,0.4,48,96.1,36.4,78.5,46.4,4.8,14.2,33.8,18.5,26.6,69.5,10.1,31,41.1,19.2,12.7,6.8,4.3,4.5,21,22.6,-3.4
Utah Jazz,10,4,6,0.4,48,107.1,38.1,79.5,47.9,6.5,17.4,37.4,24.4,33.5,72.8,10.9,28.7,39.6,23.8,13.2,5.9,4.4,5.8,27,27.2,-2.2
Atlanta Hawks,11,4,7,0.364,48,89.5,33.8,79.6,42.5,4.5,13.6,33.3,17.3,22,78.5,13,26.9,39.9,16.4,11.7,6.4,5.1,4,21.2,20.6,-6.8
Dallas Mavericks,6,2,4,0.333,48,92.8,34,79.3,42.9,6.3,19.3,32.8,18.5,23.3,79.3,12,31.8,43.8,18.5,13,7.5,5,3.2,22.5,19.8,-0.5
Denver Nuggets,6,2,4,0.333,48,109.3,37.3,78.5,47.6,6.5,18.2,35.8,28.2,36.8,76.5,10.3,29.3,39.7,19.2,13.7,8.2,4.7,4.3,30.8,27.8,-1.2
Oklahoma City Thunder,6,2,4,0.333,48,93.8,30.7,78.5,39.1,5.5,18.5,29.7,27,32.3,83.5,11.7,31.7,43.3,16.2,12.5,6.5,6.2,6.2,22.8,24.8,-1.7
Portland Trail Blazers,6,2,4,0.333,48,93,33,76.8,43,6.3,16.7,38,20.7,28,73.8,10.8,26.5,37.3,19.5,11,6,4.3,4.2,23.2,24.2,-10.3
Chicago Bulls,5,1,4,0.2,48,97,37.8,86.2,43.9,3.2,10.8,29.6,18.2,22.8,79.8,10.8,30.2,41,19,10,5.8,3,8.2,21.4,21,-9.2
Miami Heat,5,1,4,0.2,48,87.6,33.6,77.2,43.5,6.8,18.2,37.4,13.6,18.6,73.1,9.4,28.2,37.6,17.6,17.8,7,5,4.4,22.8,18.8,-8.2
Charlotte Bobcats,4,0,4,0,48,85.5,31.3,70.5,44.3,4.8,17,27.9,18.3,25.5,71.6,8.5,28,36.5,20.3,15.5,5.5,4.5,6.5,26.8,23.5,-9.3
